# Mailingliste
Redirect 302 /mailingliste https://lists.bits-und-baeume.org/postorius/lists/community.lists.bits-und-baeume.org/
Redirect 302 /mailinglisten_wiki https://wiki2.bits-und-baeume.org/it/mailinglisten/start
Redirect 302 /mailinglisten-moderation https://lists.fiff.de/postorius/lists/community.lists.bits-und-baeume.org/held_messages


# Wikimedia hat hier das Leerzeichen in einem Post drin gehabt
Redirect 302 "/forderungen/ " /forderungen/

# Community-Loste
Redirect 302 /communityliste https://lists.bits-und-baeume.org/postorius/lists/community.lists.bits-und-baeume.org/

# Newsleter
Redirect 302 /newsletter_input_pad https://cloud.bits-und-baeume.org/pad/p/ctsc6l99h6m1p4gbl45aht39yv9mo04c4f
Redirect 302 /newsletterinput https://bits-und-baeume.org/newsletter_input/
Redirect 302 /newsletteranmeldung https://lists.bits-und-baeume.org/postorius/lists/newsletter.lists.bits-und-baeume.org/

# Umfragen
Redirect 302 /umfragen/regionalgruppeninfos https://cloud.bits-und-baeume.org/apps/forms/s/GwMPgxALKqrTRWXr4aXBEnW3

# Anmeldungen
Redirect 302 /anmeldung/policy_lab_2024-09 https://cloud.bits-und-baeume.org/apps/forms/s/7tF7LTjS89WoxQGRs56KAPTZ
Redirect 302 /anmeldung/herbstabend24 https://cloud.bits-und-baeume.org/apps/forms/s/rJjrN9HY35MzqaFjjR5acG6C
Redirect 302 /anmeldung/winterabend24 https://cloud.bits-und-baeume.org/apps/forms/s/NFTrz7nzQYMZkyTzcrmm7x7P
Redirect 302 /anmeldung/2025-03-06-policy-lab https://cloud.bits-und-baeume.org/apps/forms/s/zffciFfdWipea2nrHkfTEroH

# Logo
Redirect 302 /logo https://cloud.bits-und-baeume.org/s/nzxKD7GWHTY99Eg

# Kalender
Redirect 302 /kalender https://cloud.bits-und-baeume.org/apps/calendar/p/HSQmRMc9dmB755CK-Xfe4s2Cfz8ZiMii4/dayGridMonth/now
Redirect 302 /Kalender https://cloud.bits-und-baeume.org/apps/calendar/p/HSQmRMc9dmB755CK-Xfe4s2Cfz8ZiMii4/dayGridMonth/now
Redirect 302 /kalenderinput https://cloud.bits-und-baeume.org/apps/forms/s/FkETdgR6f9dmTx3JFo3nY5gk
Redirect 302 /Kalenderinput https://cloud.bits-und-baeume.org/apps/forms/s/FkETdgR6f9dmTx3JFo3nY5gk


# 39c3
Redirect 302 /39c3/bbb https://cloud.fiff.de/apps/bbb/b/CEcEpREyEyxppSWD
Redirect 302 /39c3/pad https://cloud.bits-und-baeume.org/pad/p/s0mgnw58o1cocxiy12o1ub1mzg0z84f7ex9yj6rcdrj
Redirect 302 /39c3/call https://pads.fiff.de/p/r.08b4d35a3a934872a4e8a98bc9be98c9
Redirect 302 /39c3/workshops https://pretalx.freifunktag.de/39c3-bub-workshops-2025/submit/n8PetR/info/
Redirect 302 /39c3/anwesenheit https://www.when2meet.com/?33766192-HfQqa
Redirect 302 /39c3/karte https://www.rayon.design/app/model/34a3bb3a-318a-4810-a4ec-43a78c58f1ca?canvas=KhSBJ1VZcN2&scale=10.74&x=67212&y=30413&token=XKLcWEbTYBBy8qbKiKrY6ou1iLtZiSVm
redirect 302 /39c3/infos https://cloud.bits-und-baeume.org/pad/p/r.95690630e808081942a0ad2c698cfe07
redirect 302 /39c3/infos_edit https://cloud.bits-und-baeume.org/pad/p/cfiflnyn44b0az2eikomu3bibmwshlbovhw


# 38c3
Redirect 302 /38c3/bbb/habitat https://cloud.fiff.de/apps/bbb/b/CEcEpREyEyxppSWD
Redirect 302 /38c3/orgapad https://pads.fiff.de/p/38c3_habitat_orga
Redirect 302 /38c3/infopad https://pads.fiff.de/p/38c3_habitat
Redirect 302 /38c3/bedarfe https://cloud.bits-und-baeume.org/s/JEFo7N2w3SKbpDE
Redirect 302 /38c3/zeitstrahl https://cloud.bits-und-baeume.org/pad/p/rfk6rg8kl67uwr4dc3ae27zjzp46f7fqujmg
Redirect 302 /38c3/workshop-einreichen https://fahrplan.alpaka.space/jugend-hackt-38c3-2024/submit/W06KjP/info/?submission_type=38-bits-baume-workshop
Redirect 302 /38c3/workshop-orga https://cloud.bits-und-baeume.org/pad/p/s2ppix47ogibunjxy35utn2mbn316z6d77v1gegohq1hjjem
Redirect 302 /38c3/workshop-technik-feedback https://cloud.bits-und-baeume.org/pad/p/jxx7p7ubuqfrhmliwrailxq68iyrnzd4vi8kq4wn1po9pl0fxx
Redirect 302 /38c3/feedback https://cloud.bits-und-baeume.org/apps/forms/s/RNtQixrzia44mtoFEqHc7cXK

# 37c3
Redirect 302 /37c3/orgapad https://cloud.bits-und-baeume.org/pad/p/2kz4ddkg9hjmkclk0v71171ii88ijh456ibmmnbhe2b5no7vr
Redirect 302 /37c3/clustercall https://cloud.fiff.de/apps/bbb/b/CEcEpREyEyxppSWD
Redirect 302 /37c3/contentcall https://cloud.fiff.de/apps/bbb/b/gZRxLm8REyDC6Hwz
Redirect 302 /37c3/workshops https://cloud.bits-und-baeume.org/pad/p/kp6pe5m9eonfp2r5qe0m1f4zho4m7y5zeki
Redirect 302 /37c3/aufbau https://cloud.bits-und-baeume.org/pad/p/2kz4ddkg9hjmkclk0v71171ii88ijh456ibmmnbhe2b5no7vr
Redirect 302  /37c3/map https://cloud.bits-und-baeume.org/s/XmNbZtSoQRXxJar
Redirect 302 /37c3/feedback https://cloud.bits-und-baeume.org/apps/forms/s/QzGKi8tcLTB7M4xPJpF7Mi4r

# Camp
Redirect 302 /camp23/anmeldung https://cloud.bits-und-baeume.org/apps/forms/s/BqFoSZJb6HzbAZ9omMQE42ai
Redirect 302 /camp23/mitfahren https://cloud.bits-und-baeume.org/pad/p/1n3bduuaxm9v7mmy 
Redirect 303 /camp23/videoupload https://cloud.fiff.de/s/XjX8MBfmwSoNaoZ
Redirect 302 /camp23/karte https://cloud.fiff.de/s/f7yRA5wgymoysar
Redirect 302 /camp23/workshopinput https://pretalx.c3voc.de/camp2023/submit/M20RRz/info/?access_code=JK7D77X8WBAYV83YVYRSYQVCXLRQFUJQ
Redirect 302 /camp23/wetter http://weather.openportguide.de/cgi-bin/weather.pl/weather.png?var=meteogram&lat=53.03165&lon=13.30629&position=deg&digits=6&unit=metric&lang=de&nx=1200&ny=1200&label=Camp%202023
Redirect 302 /camp23/todos https://cloud.fiff.de/pad/p/camp23_bub_todos
Redirect 302 /camp23/infos https://cloud.fiff.de/pad/p/camp23_bub_infos

# Fotogalerie in der Cloud
Redirect 302 /fotogalerie https://cloud.bits-und-baeume.org/index.php/s/eTH4H8zwdeWmjkE

# Urls vor Relaunch am 11.9.2024
Redirect 302 /pressemitteilung-halbzeit-fuer-die-ampel/ /posts/pressemitteilung-halbzeit-fuer-die-ampel/
Redirect 302 /interview_tiktok/ /blog/interview_tiktok/
Redirect 302 /interview_rike /blog/interview_rike
Redirect 302 /frühlingsabend24/ /blog/frühlingsabend24/
Redirect 302 /community/konferenz-nrw/  /posts/konferenz-2023-nrw/
Redirect 302 /willkommen_wikimedia/ /posts/zuwachs_trägerkreis_wikimedia/
Redirect 302 /material/ https://bits-und-baeume.org/konferenz-2022/material/
Redirect 302 /posts/willkommen_rike/ /blog/interview_rike
Redirect 302 /fr%c3%bchlingsabend24/ https://bits-und-baeume.org/blog/fr%C3%BChlingsabend24/
# Stabilität bestehender Links bewirken
Redirect 302 /eonferenzankuendigung /eonferenz
Redirect 302 /konfereneankuendigung/de /konferenz/de
Redirect 302 /konferenzankuendigung/en /konferenz/en
Redirect 302 /37c3_rueckblick /blog/37c3_rueckblick/

# ÖA-Weiterleitungen
Redirect 302 /programm-anregungen https://etherpad.wikimedia.org/p/bb22-programm-anregungen
Redirect 302 /Organisationsmodell https://cloud.bits-und-baeume.org/index.php/apps/collectives/p/Rm56ZZkJsp2oqte/Organisationsmodell
Redirect 302 /organisationsmodell https://cloud.bits-und-baeume.org/index.php/apps/collectives/p/Rm56ZZkJsp2oqte/Organisationsmodell
Redirect 302 /konferenz-2022/mach-mit/infos https://cloud.bits-und-baeume.org/index.php/apps/collectives/p/bPiSeSR2kgnNsik/Engelsystem


# BigBlueButton-Räume
Redirect 302 /BBB-AG-ÖA https://lecture.senfcall.de/bbk-mjm-xmu-nbs
Redirect 302 /BBB-AG-Vernetzung https://lecture.senfcall.de/bbk-uud-whn-psv
Redirect 302 /BBB-AG-Kultur https://lecture.senfcall.de/bbk-u9e-wgy-qct
Redirect 302 /BBB-AG-Logistik https://lecture.senfcall.de/bbk-rgt-abt-jsw
Redirect 302 /BBB-AG-Forum https://lecture.senfcall.de/bbk-rmf-4hr-cqm
Redirect 302 /BBB-AG-Care https://lecture.senfcall.de/bbk-uax-ad5-odx
Redirect 302 /BBB-AG-Programm https://lecture.senfcall.de/bbk-uud-whn-psv
Redirect 302 /BBB-Orgakreis https://lecture.senfcall.de/bbk-nt6-nsq-90n
Redirect 302 /BBB-AG-IT https://lecture.senfcall.de/bbk-agr-7az-eck
Redirect 302 /BBB-AG-Awareness https://lecture.senfcall.de/bbk-qf9-tko-yxa
Redirect 302 /BBB-Mithilfe-Lounge https://lecture.senfcall.de/rai-qmi-0mh-ziw
Redirect 302 /BBB-TK https://lecture.senfcall.de/rai-efg-dsh-8qc
Redirect 302 /bbb-tk https://lecture.senfcall.de/rai-efg-dsh-8qc

Redirect 302 /bbb/community https://bbb.tu-dresden.de/rooms/qje-7si-xu1-lul/join
Redirect 302 /bbb/tk https://lecture.senfcall.de/rai-efg-dsh-8qc



#Redirects 2018er Website
Redirect 302 /datenschutz/de /datenschutz/
Redirect 302 /datenschutz/en /datenschutz/
Redirect 302 /forderungen/de /forderungen/
Redirect 302 /forderungen/en /forderungen/
Redirect 302 /forderungen/info/de /forderungen/
Redirect 302 /forderungen/info/en /forderungen/
Redirect 302 /forum/de /community/forum/
Redirect 302 /forum/en /en/community/forum/
Redirect 302 /forum/ /en/community/forum/
Redirect 302 /forum /en/community/forum/
Redirect 302 /impressum/de /impressum/
Redirect 302 /impressum/en /impressum/
Redirect 302 /info/de /
Redirect 302 /info/ /
Redirect 302 /info /
Redirect 302 /info/en /
Redirect 302 /infrastruktur/ /konferenz-2018/nachhaltige-konferenzorga/
Redirect 302 /infrastruktur/de /konferenz-2018/nachhaltige-konferenzorga/
Redirect 302 /infrastruktur/en /en/conference-2018/sustainable-orga/
Redirect 302 /konferenz/de /konferenz-2022/
Redirect 302 /konferenz/en /en/conference-2022/program/
Redirect 302 /konferenz/ /konferenz-2022/
Redirect 302 /konferenz /konferenz-2022/
Redirect 302 /material/de /material/
Redirect 302 /material/en /en/material/
Redirect 302 /presse/en /en/conference-2018/press/
Redirect 302 /programm/de /konferenz-2022/programm/
Redirect 302 /programm/ /konferenz-2022/programm/
Redirect 302 /programm /konferenz-2022/programm/
Redirect 302 /programm/en /en/conference_2022/program/
Redirect 302 /regionalzweige/de /community/regionale-zweige/
Redirect 302 /regionalzweige/ /community/regionale-zweige/
Redirect 302 /regionalzweige /community/regionale-zweige/
Redirect 302 /regionalzweige/en /en/community/regional-branches/
Redirect 302 /rueckblick/de /konferenz-2018/
Redirect 302 /rueckblick/ /konferenz-2018/
Redirect 302 /rueckblick /konferenz-2018/
Redirect 302 /rueckblick/en /en/conference-2018/
Redirect 302 /start/de /de
Redirect 302 /start/ /de
Redirect 302 /start /de
Redirect 302 /start/en /en
Redirect 302 /waechst/de /community/eigene-organisieren/
Redirect 302 /waechst/ /community/eigene-organisieren/
Redirect 302 /waechst /community/eigene-organisieren/
Redirect 302 /waechst/en /en/community/self-organisation/
Redirect 302 /de /
Redirect 302 /de/ /
Redirect 302 /konferenz-2022/presse//de /konferenz-2022/presse/
Redirect 302 /konferenz-2022/presse//de/ /konferenz-2022/presse/
Redirect 302 /downloads/call_for_participation.pdf /konferenz-2022/mach-mit/
Redirect 302 /downloads/Call_for_Action_neu.pdf /assets/images/pdfs/Call_for_Action_neu.pdf
Redirect 302 /ziele /konferenz-2018/ziele/
Redirect 302 /call /konferenz-2022/mach-mit/
Redirect 302 /konferenzankuendigung/de /konferenz-2022/
